Number_of_Transactions,15,,
Transaction ID,Sender's ID,Receiver's ID,Amount ($)
TXN-A9D3B8C6F1E4,S000003,R0000019,3.72
TXN-6F8C4E9A7D2B,S000006,R0000074,9.14
TXN-3E1F9B7A6C5D,S000018,R0000056,6.53
TXN-B6A2E7F4C8D3,S000020,R0000023,1.89
TXN-D9F5C2A7E6B4,S000012,R0000089,7.46
TXN-7C3E9A6F2D1B,S000078,R0000041,5.23
TXN-F8B9D2E1C6A7,S000001,R0000097,8.91
TXN-4E7A6C3F9B5D,S000001,R0000062,4.67
TXN-A3F6D2B7C9E8,S000001,R0000038,2.35
TXN-B5E6C9F1A7D4,S000001,R0000015,10.18
TXN-C8A4D9F3E7B6,S000001,R0000078,6.07
TXN-F2B1E8A6C4D7,S000001,R0000053,3.84
TXN-D7C9E3A5B8F6,S000001,R0000027,9.63
TXN-E4F9B7C2A6D8,S000001,R0000094,7.29
TXN-A7C6E2F4B9D3,S000001,R0000046,5.12
